{"cameraMode":{"drawMode":0,"name":"Shaded","section":"Shading Mode"},"sceneLighting":false,"audioPlay":false,"sceneViewState":{"m_AlwaysRefresh":false,"showFog":true,"showSkybox":false,"showFlares":true,"showImageEffects":true,"showParticleSystems":true,"showVisualEffectGraphs":true,"m_FxEnabled":true},"in2DMode":false,"pivot":{"x":0.009882653132081032,"y":-0.08544081449508667,"z":0.019027795642614366},"rotation":{"x":-0.00043901934986934066,"y":0.9939530491828919,"z":-0.10977806150913239,"w":-0.003975778352469206},"size":2.1750552654266359,"orthographic":true}