{"cameraMode":{"drawMode":0,"name":"Shaded","section":"Shading Mode"},"sceneLighting":false,"audioPlay":false,"sceneViewState":{"m_AlwaysRefresh":false,"showFog":true,"showSkybox":false,"showFlares":true,"showImageEffects":true,"showParticleSystems":true,"showVisualEffectGraphs":true,"m_FxEnabled":true},"in2DMode":false,"pivot":{"x":3.7164463996887209,"y":-5.353144645690918,"z":-6.911038398742676},"rotation":{"x":-0.00043901934986934066,"y":0.9939530491828919,"z":-0.10977806150913239,"w":-0.003975778352469206},"size":2.0097715854644777,"orthographic":true}